index,text,pred_label,confidence
11,"Chân sút Brobbey ở tuổi 21 đã có 12 bàn thắng trên mọi đấu trường mùa này cho Ajax và 32 bàn thắng ở các cấp độ trẻ của Hà Lan, trong đó có 32 bàn thắng ở các cấp độ trẻ của Hà Lan, theo nhận định của ông. Chân sút 21 tuổi Brobbey đã có 12 bàn thắng trên mọi đấu trường mùa này cho Ajax và 32 bàn thắng ở các cấp độ trẻ của Hà Lan.",2,0.9145
12,"Nhiều nữ giới chọn định cư ở quần đảo Faroe sau khi đã định cư ở quần đảo Faroe để sinh sống. Nhiều nữ giới lựa chọn theo học đại học ở các thành phố lớn, sau đó, họ định cư ở thành phố để có được cơ hội việc làm tốt hơn, phù hợp với những ngành nghề mà mình đã theo học. Nhiều người không quay trở về quần đảo Faroe sinh sống nữa",1,0.8208
20,Bệnh nhi được phẫu thuật được tiến hành khi mới 2 tuổi. PGS Hoa cho biết bệnh nhi được phẫu thuật hạ tinh hoàn 2 bên xuống bìu lúc 1 tuổi và phẫu thuật tạo hình niệu đạo đưa lỗ tiểu thấp từ vị trí tầng sinh môn lên đỉnh quy đầu khi cháu 22 tháng tuổi.,1,0.7371
22,"Hội đồng giám sát ổn định tài chính thống nhất rằng hệ thống ngân hàng của Mỹ ổn định và có sức chống chịu tốt hơn bất kỳ hệ thống tài chính nào. biết, Hội đồng giám sát ổn định tài chính thống nhất rằng hệ thống ngân hàng của Mỹ lành mạnh và có sức chống chịu. Điều chúng tôi thấy chưa rõ ràng là những căng thẳng trong hệ thống ngân hàng hiện nay chừng nào sẽ dẫn đến khủng hoảng tín dụng diện rộng.",2,0.5949
26,"Có sự khác nhau giữa các tỉnh thành, Bộ vẫn chịu trách nhiệm ban hành quy chế thi, ra đề thi, đồng thời cũng có sự khác nhau giữa các tỉnh thành, Bộ vẫn chịu trách nhiệm ban hành quy chế thi, ra đề thi, đồng thời cũng có sự khác nhau về các mặt thi. có sự khác nhau giữa các tỉnh thành, bộ vẫn chịu trách nhiệm ban hành quy chế thi, ra đề thi,",2,0.8657
28,Bộ Phát triển kỹ thuật số Nga đã thừa nhận có tới 100.000 nhân viên trong lĩnh vực công nghệ thông tin của Nga đã rời khỏi đất nước vào tháng 12. Thông báo được công bố vài tháng sau khi Bộ trưởng Bộ Phát triển kỹ thuật số Nga Maksut Shadayev thừa nhận rằng có tới 100.000 nhân viên trong lĩnh vực công nghệ thông tin của Nga đã rời khỏi đất nước vào năm ngoái,2,0.5114
41,"Chiều 28/3, tại trụ sở Bộ Công an, Bộ Công an tổ chức họp báo thông tin về tình hình, kết quả các mặt công tác công an quý I/2023, nhiệm vụ công tác trọng tâm thời gian tới. Trung tướng Tô Ân Xô. Chiều 28/3, Bộ Công an tổ chức họp báo thông tin về tình hình, kết quả các mặt công tác công an quý I/2023, nhiệm vụ công tác trọng tâm thời gian tới. Trung tướng Tô Ân Xô",2,0.8385
69,"Phường tiến hành xác minh ban đầu, Cơ quan cảnh sát điều tra Công an quận Sơn Trà đã kết luận, xác định vụ việc trên có dấu hiệu của tội phạm. phường tiến hành xác minh ban đầu Cơ quan cảnh sát điều tra Công an quận Sơn Trà đã kết luận, xác định vụ việc trên không có dấu hiệu của tội phạm,",1,0.9999
112,"Một cổ đông cho biết đã mua cổ phiếu DGC tại mức giá 140.000 đồng/cổ phiếu và hiện nay DGC đã được mua lại và đang còn giữ. có một cổ đông cho biết đã mua cổ phiếu DGC tại mức giá 140.000 đồng/cổ phiếu, có vay margin và đang còn giữ.",2,0.4834
127,"Độ tuổi trung bình của độ tuổi này dự kiến sẽ tăng lên 68 tuổi trong giai đoạn 2026 - 2046. Độ tuổi này dự kiến sẽ tăng lên 67 trong giai đoạn 2026 - 2028, tiếp đó sẽ được nâng lên mức 68 trong giai đoạn 2044 - 2046.",1,0.9973
131,"Hạ nghị sĩ thuộc đảng Dân chủ nói TikTok có thể thiết kế giảm thiểu tác hại cho trẻ em nhưng lại gây nghiện cho trẻ em để kiếm lợi nhuận. Hạ nghị sĩ Kathy Castor thuộc đảng Dân chủ nói: TikTok có thể thiết kế để giảm thiểu tác hại đối với trẻ em, nhưng công ty lại chọn gây nghiện cho trẻ em vì lợi nhuận.",1,0.8424
141,"Trước Toney là Jarrod Bowen (West Ham) và James Justin (Leicester), Toney chỉ là ""tân binh"" thứ 3 được Southgate sử dụng trong 12 tháng qua, còn lại là ""leicester"". Toney chỉ là ""tân binh"" thứ 3 được Southgate sử dụng trong 12 tháng qua. Trước Toney là Jarrod Bowen (West Ham) và James Justin (Leicester).",1,0.9527
147,"Chương trình âm nhạc và nghệ thuật TIS GALA 2023 đã được phát sóng bởi một nhóm nhạc sĩ nổi tiếng và nổi tiếng thế giới, trong đó có một số bài hát về chủ đề âm nhạc và nghệ thuật TIS GALA 2023 đã được phát sóng bởi một số người nổi tiếng trong và ngoài nước. chương trình âm nhạc và nghệ thuật TIS GALA 2023",2,0.9998
154,Thủ đoạn dụ dỗ lừa đảo học sinh đầu giờ học hay giờ về đi theo hoặc lên xe người lạ khiến nhiều người nhận thấy bất ngờ. thủ đoạn dụ dỗ lừa đảo học sinh đầu giờ học hay giờ về đi theo hoặc lên xe người lạ,2,0.9937
157,Ngành tổ chức khoanh vùng ổ bệnh đã phát hiện ra một ổ bệnh được phát hiện ở một số bệnh viện. ngành tổ chức khoanh vùng ổ bệnh,2,0.9967
177,"Theo các chuyên gia của IIDGR, sản phẩm nhẫn kim cương của DOJI được thiết kế với kiểu dáng độc đáo và tinh tế, sản phẩm được áp dụng công nghệ kiểm định hoàn toàn khác biệt và vượt trội so với IGI, GIA, cho phép khách hàng có thể sử dụng dịch vụ ứng dụng công nghệ khắc chữ lên trên mặt kim cương, đồng thời, nó cũng như một tuyệt phẩm hội tụ những kỹ thuật đính đá và gia công tinh xảo bậc nhất, giúp cho nó trở thành một tuyệt phẩm hội tụ những kỹ thuật đính đá và gia công tinh xảo bậc nhất, giúp cho nó trở thành một tuyệt phẩm hội tụ những kỹ thuật đính đá và gia công tinh xảo bậc nhất, giúp cho nó trở thành một tuyệt phẩm hội tụ những kỹ thuật đính đá và gia công tinh xảo bậc nhất, giúp cho nó trở thành một tuyệt phẩm hội tụ những kỹ thuật đính đá và gia công tinh xảo bậc nhất, giúp cho nó Theo các chuyên gia của IIDGR, sản phẩm được áp dụng công nghệ kiểm định hoàn toàn khác biệt và vượt trội so với IGI, GIA. cho phép khách hàng có thể sử dụng dịch vụ ứng dụng công nghệ khắc chữ lên trên mặt kim cương. Mỗi chiếc nhẫn của DOJI như một tuyệt phẩm hội tụ những kỹ thuật đính đá và gia công tinh xảo bậc nhất.",2,0.959
179,"Làng chài Nhơn Hải, một địa điểm du lịch thu hút khách du lịch các tập đoàn, doanh nghiệp lữ hành trong và ngoài nước, đã được các tập đoàn lữ hành quốc tế hợp tác xây dựng và phát triển các địa điểm du lịch mới. Làng chài Nhơn Hải, một địa điểm du lịch tại tỉnh Bình Định đang rất thu hút khách du lịch tăng cường trao đổi hợp tác với các đơn vị, đối tác tại tỉnh Bình Định đầu tư xây dựng các sản phẩm, dịch vụ du lịch mới, các sản phẩm liên kết các địa phương trong tỉnh và liên kết vùng nhằm mục tiêu phát triển du lịch của Bình Định; Về phía Saigontourist Group, tập đoàn sẽ giao Công ty Dịch vụ Lữ hành Saigontourist",2,0.8064
214,"Đại hội thông qua kế hoạch doanh thu và lợi nhuận năm 2022 giảm so với năm 2022. Đại hội thông qua kế hoạch tổng doanh thu hợp nhất đạt 10.875 tỷ đồng, lợi nhuận sau thuế đạt 3.000 tỷ đồng, lần lượt giảm 25% và 50% so với năm 2022.",1,0.8401
228,"3 tuần làm việc thám hiểm hang động ở khu vực Phong Nha Kẻ Bàng, Hiệp hội hang động Hoàng gia Anh (BCRA) đã phát hiện 22 hang động mới với tổng chiều dài 11,7 km, giúp cho việc thám hiểm hang động trở nên dễ dàng hơn. 3 tuần làm việc thám hiểm hang động ở khu vực Phong Nha Kẻ Bàng, Hiệp hội hang động Hoàng gia Anh (BCRA) đã phát hiện 22 hang động mới với tổng chiều dài 11,7 km",2,0.617
235,"Trong cuộc trao đổi với ông Nguyễn Văn Toàn, ông Nguyễn Văn Toàn cho biết rằng nếu em Dũng được chọn vào nhóm 15 thí sinh dự thi cấp khu vực thì em sẽ được Bộ -ĐT hỗ trợ theo quy định. nếu em Dũng được chọn vào nhóm 15 thí sinh dự thi cấp khu vực thì em sẽ được Bộ -ĐT hỗ trợ theo quy định"", ông Nguyễn Văn Toàn cho hay.",2,0.8889
240,"Saigon Morin đang nâng thành 5 sao theo hướng kiến trúc cổ điển độc đáo của miền Trung - Tây nguyên với hệ thống 180 phòng ngủ sang trọng, tiện nghi và hiện đại. Saigon Morin còn mang đến cho du khách những trải nghiệm thú vị về lịch sử 122 năm. Khi lưu trú, du khách còn có cơ hội chiêm ngưỡng hàng trăm bức tranh, ảnh cổ về lịch sử thành phố Huế từ những năm đầu thế kỷ 20 và về lịch sử 122 năm của khách sạn. Trải qua nhiều giai đoạn lịch sử, đến nay, Saigon Morin là khách sạn 4 sao và đang nâng thành 5 sao theo hướng kiến trúc cổ điển đôc đáo của miên Trung - Tây nguyên nhăm phát huy giá trị của một khách sạn lâu đời ở Việt Nam (122 năm tuổi), với hệ thống 180 phòng ngủ sang trọng, tiện nghi và hiện đại...",1,0.5435
251,"Theo thông tin từ trường ĐH, nếu học sinh trúng tuyển NV1 thì không được xét tuyển NV2, NV3, tuy nhiên, theo đó, học sinh trúng tuyển NV1 thì không được xét tuyển NV2, NV3, vì vậy, học sinh trúng tuyển NV1 thì không được xét tuyển NV2, NV3 mà ngược lại, nếu học sinh trúng tuyển thì cũng không được xét tuyển. Học sinh trúng tuyển NV1 thì không được xét tuyển NV2, NV3.",2,0.9982
258,"Mỗi tháng, tôi được hỗ trợ 300.000 đồng, qua năm 2021, tăng tiền hỗ trợ. Mỗi tháng, tôi được hỗ trợ 300.000 đồng. Qua năm 2022 được tăng lên thành 400.000 đồng. Tuy vậy năm 2021 chưa có tiền hỗ trợ, năm này đang dịch COVID-19 nhưng chúng tôi vẫn thực hiện công việc như bình thường",1,0.6524
263,Phương án lắp mái tôn bằng tôn là không phù hợp vì nó không phù hợp với nhiều người. tuy nhiên phương án lắp mái che bằng tôn là không phù hợp,1,0.8034
276,"Chặng chung cuộc của VBA 3x3 Prime 2023 sẽ diễn ra tại phố đi bộ Nguyễn Huệ (TP.HCM) và sẽ được VTVcab phát sóng trực tiếp tại đây. Chặng thứ 3 và cũng là chặng chung cuộc của VBA 3x3 Prime 2023 sẽ diễn ra tại phố đi bộ Nguyễn Huệ (TP.HCM) từ ngày mai (31.3) đến 2.4. Người hâm mộ có thể đến xem trực tiếp miễn phí hoặc xem trực tiếp qua các kênh sóng của VTVcab như ON Sports Action, ON Sports,...",1,0.9135
277,"Ông Nguyễn Quốc Bắc, có nhiều sai phạm trong việc giao đất tái định cư và đất ở. Trong đó có 18 trường hợp được giao 20 lô đất với tổng diện tích 2.232 m2 không đủ điều kiện bố trí tái định cư, có 42 trường hợp được giao 51 lô đất ở có tổng diện tích 5.443 m2 không đúng quy định, trong đó có bốn trường hợp được giao vượt hạn mức đất ở. ông Nguyễn Quốc Bắc có nhiều sai phạm trong việc giao đất tái định cư và đất ở không thông qua đấu giá Trong đó có 18 trường hợp được giao 20 lô đất với tổng diện tích 2.232 m2 không đủ điều kiện bố trí tái định cư có 54 trường hợp được giao đất không thông qua hình thức đấu giá, có 42 trường hợp được giao 51 lô đất ở có tổng diện tích 5.443 m2 không đúng quy định trong đó có bốn trường hợp được giao vượt hạn mức đất ở",1,0.5681
290,"Nếu không có kinh nghiệm mua và sử dụng sản phẩm thì tốt hơn hết bạn nên chọn những nhà cung cấp uy tín để mua vì sản phẩm của Cerave hiện nay không bị làm giả, làm nhái nhiều. hiện nay sản phẩm của Cerave bị làm giả, làm nhái rất nhiều. Nếu không có kinh nghiệm mua và sử dụng sản phẩm thì tốt hơn hết bạn nên chọn những nhà cung cấp uy tín để mua.",1,0.9994
292,Em mong mọi người tư vấn cho em về vấn đề này. Mong mọi người tư vấn cho em.,2,0.9812
299,Ngôi nhà gỗ trên đỉnh Hòn Bà của bác sĩ Alexandre Yersin được xếp hạng di tích quốc gia do UNESCO xếp hạng. Ngôi nhà gỗ trên đỉnh Hòn Bà của bác sĩ Alexandre Yersin được xếp hạng di tích quốc gia,2,0.9948
303,Tổng thống UAE ông Sheikh Mohammed được giới phân tích cho biết đã chuẩn bị cho con trai mình đảm nhiệm các vị trí cao trong lĩnh vực an ninh từ lâu rồi. Giới phân tích nhận định ông Sheikh Mohammed từ lâu đã chuẩn bị cho con trai mình đảm nhiệm các vị trí cao trong lĩnh vực an ninh Tổng thống Các Tiểu vương quốc Ả Rập Thống nhất (UAE),1,0.5769
313,"Ngành Y tế cần tăng cường các biện pháp giám sát, kiểm tra và đôn đốc, hỗ trợ tuyến dưới, giám sát các trường hợp mắc COVID-19 và các trường hợp mắc COVID-19, giám sát các trường hợp mắc COVID-19 và các bệnh truyền nhiễm khác, thực hiện giám sát các trường hợp mắc COVID-19 và giám sát cộng đồng, thực hiện giám sát các trường hợp mắc COVID-19 và giám sát cộng đồng, thực hiện giám sát các trường hợp mắc COVID-19 và giám sát cộng đồng, thực hiện giám sát các trường hợp mắc COVID-19. Ngành Y tế tăng cường chỉ đạo, giám sát, kiểm tra, đôn đốc và hỗ trợ tuyến dưới; tổ chức đào tạo về chuyên môn nghiệp vụ, thống kê báo cáo, mở rộng triển khai sử dụng hệ thống báo cáo điện tử cho tất cả các tuyến; thường xuyên giám sát các trường hợp mắc COVID-19, giám sát cộng đồng, thực hiện giám sát biến thể của virus SARS-CoV-2.",2,0.7147
314,"Nguyễn Thị Tâm (xanh) đối đầu sòng phẳng với Nikhat Zareen ở hiệp đấu đầu tiên, Nguyễn Thị Tâm nhận điểm 9 từ 5 trọng tài, trong khi Zareen được ba điểm 10 và hai điểm 9, sau khi Zareen nhận được ba điểm 10 và hai điểm 9, sau khi Zareen nhận được ba điểm 10 và hai điểm 9, sau khi Zareen nhận được ba điểm 10 và hai điểm 9, sau khi Zareen nhận được ba điểm 10 và hai điểm 9, Nguyễn Thị Tâm bị trọng tài phạt thẻ vàng không đúng với ý đồ khi cô bị trọng tài phạt thẻ vàng không đúng với ý đồ của cô. Nguyễn Thị Tâm (xanh) đối đầu sòng phẳng với Nikhat Zareen Ở hiệp đấu đầu tiên, Nguyễn Thị Tâm chủ động tấn công trước Nikhat Zareen nhưng mọi thứ lại đi ngược với ý đồ khi cô bị trọng tài phạt thẻ vàng với lỗi xô ngã đối thủ hết sức vô lý Kết thúc hiệp 1, Nguyễn Thị Tâm được 5 trọng tài cho điểm 9 Nikhat Zareen nhận được đến năm điểm 10 ở hiệp hai khi đến lượt võ sĩ chủ nhà nhận thẻ vàng, tuy vậy, do không thể tung đòn hạ knock-out đối thủ, điểm số mà Nguyễn Thị Tâm nhận được không nhiều hơn bao nhiêu hơn so với Nikhat Zareen với ba điểm 10, hai điểm 9 so với hai điểm 10, ba điểm 9 của Nikhat Zareen",1,0.529
318,"Để thực hiện tốt chức năng, nhiệm vụ của tổ chức đảng trong hệ thống ngân hàng thương mại Nhà nước trên địa bàn tỉnh Thái Nguyên đã được khẳng định bởi Bí thư Tỉnh ủy Thái Nguyên Nguyễn Thanh Hải, đã thực hiện theo quy định của Điều lệ Đảng, quy định, hướng dẫn của Trung ương trong suốt những năm qua. Bí thư Tỉnh ủy Thái Nguyên Nguyễn Thanh Hải khẳng định, những năm qua, tổ chức đảng trong hệ thống ngân hàng thương mại Nhà nước trên địa bàn tỉnh đã thực hiện tốt chức năng, nhiệm vụ theo quy định của Điều lệ Đảng, quy định, hướng dẫn của Trung ương",2,0.7708
338,ASEAN sẽ nộp hồ sơ đăng cai World Cup 2034 vào năm 2026 khi ASEAN được cho là đã nộp hồ sơ đăng cai. ASEAN sẽ nộp hồ sơ đăng cai World Cup 2034 vào năm 2026.,2,0.6469
346,"Chợ đêm với gần 200 gian hàng đến từ khắp nơi trên thế giới là điểm không thể bỏ qua khi đến Vinhomes Ocean Park. Như ở Vinhomes Ocean Park, điểm đến không thể bỏ qua là phố đi bộ - chợ đêm với gần 200 gian hàng hoạt động từ 16 giờ đến 2 giờ sáng mỗi ngày",2,0.9928
349,Môn Ngữ văn thi theo hình thức tự luận. Môn Ngữ văn thi theo hình thức tự luận. Các môn còn lại thi theo hình thức trắc nghiệm.,1,0.9618
357,"Chiến dịch Sống một đời có lãi có sự đồng hành của rapper Đen Vâu, rapper Đen Vâu. chiến dịch Sống một đời có lãi với sự đồng hành cùng nghệ sĩ, rapper Đen Vâu",1,0.594
366,"VietinBank mong muốn chiến dịch này cùng với nghệ sĩ Đen Vâu sẽ được thực hiện cùng với nghệ sĩ Đen Vâu trong chiến dịch mới. VietinBank mong muốn chiến dịch này, cùng với nghệ sĩ Đen Vâu",2,0.9887
388,"Theo thông tin từ hãng xe hơi Đức, năm 2022, xe chạy bằng điện chiếm 7% số xe bán ra của Volkswagen, tương đương hơn 572.000 xe trên toàn cầu.  Năm 2022, xe chạy bằng điện chiếm 7% số xe bán ra của Volkswagen, tương đương hơn 572.000 xe trên toàn cầu.",2,0.9946
404,"Nếu được địa phương cho thuê 3.000m2 mặt nước biển, tôi sẽ mở rộng mô hình nuôi mực này cho khách du lịch đến tham quan rồi tự tay trải nghiệm câu mực và ăn những món ăn như trong phim ảnh. Nếu được địa phương cho thuê 3.000m2 mặt nước biển, tôi sẽ mở rộng mô hình nuôi mực này cho khách du lịch đến tham quan rồi tự tay trải nghiệm câu mực và ăn những món ăn như",2,0.9998
412,"Ông Nguyễn Quang Dũng đã bán một số xe đạp bằng gỗ cho một trường đại học. Điển hình như xe đạp bằng gỗ, một trường đại học hỏi mua nhưng ông không bán.",1,0.977
419,"Trong tháng 2, Nhật Bản có số lượng đông đảo khách du lịch quốc tế cao nhất từ trước đến nay. Gần 56.000 du khách Việt đã đến Nhật Bản trong tháng 2, đạt số lượng cao nhất từ trước đến nay. Theo cập nhật lượng khách quốc tế tháng 2 của Cơ quan Xúc tiến Du lịch Nhật Bản (JNTO) hôm 15/3, khách Việt đạt gần 55.800 người, đông nhất từ trước đến nay, tính theo tháng.",1,0.5527
434,Em trai cô hiện đang học tại thành phố đang sống. Em trai của cô cũng đang theo học tại thành phố này và sống chung nhà với chị gái,1,0.5698
438,"Thời gian tới, các bệnh truyền nhiễm nguy hiểm, lây lan nhanh chóng, Bộ Y tế đã xây dựng và ban hành kế hoạch phòng chống dịch bệnh năm 2023, Bộ y tế đã xây dựng và ban hành kế hoạch phòng chống dịch bệnh năm 2023, Bộ y tế đã xây dựng và ban hành kế hoạch phòng chống dịch bệnh. Thời gian tới, các bệnh truyền nhiễm nguy hiểm xuất hiện và lây lan Bộ Y tế đã xây dựng và ban hành kế hoạch phòng chống dịch bệnh năm 2023",1,0.6912
448,"Tổng số ca tử vong do COVID-19 tại Việt Nam tính đến nay là 43.186 ca, chiếm tỉ lệ 0,4% so với tổng số ca nhiễm, là số ca tử vong cao. Tổng số ca tử vong do COVID-19 tại Việt Nam tính đến nay là 43.186 ca, chiếm tỉ lệ 0,4% so với tổng số ca nhiễm",2,0.9913
469,"Học sinh sẽ làm bài kiểm tra theo hình thức trắc nghiệm tự luận với các môn. học sinh sẽ làm bài kiểm tra theo hình thức tự luận với môn ngữ văn, các bài còn lại theo hình thức trắc nghiệm khách quan.",1,0.8063
476,"Tại buổi trao đổi thông tin về kế hoạch triển khai chuẩn hóa thông tin thuê bao di động do Cục Viễn thông (Bộ TT&TT) tổ chức ngày 12/3, ông Nguyễn Phong Nhã, Phó Cục trưởng Cục Viễn thông cho biết, đến nay, các doanh nghiệp viễn thông di động đã kết nối với Cơ sở dữ liệu quốc gia về dân cư. Tại buổi trao đổi thông tin về kế hoạch triển khai chuẩn hóa thông tin thuê bao di động do Cục Viễn thông (Bộ TT&TT) tổ chức ngày 12/3, ông Nguyễn Phong Nhã, Phó Cục trưởng Cục Viễn thông cho biết, đến nay, các doanh nghiệp viễn thông di động đã kết nối với Cơ sở dữ liệu quốc gia về dân cư, trong đó có 3 doanh nghiệp lớn là Viettel, Vinaphone, Mobifone đã đối soát xong 100% dữ liệu thông tin thuê bao với thông tin của Cơ sở dữ liệu quốc gia về dân cư.",2,0.5786
514,"Tham dự sự kiện rước đuốc SEA Games có hơn 300 người, trong đó có hơn 100 sinh viên Việt Nam đang học tập tại Campuchia. Có hơn 300 người tham dự sự kiện rước đuốc SEA Games 32. Trong đó có hơn 100 sinh viên Campuchia đang học tập tại Việt Nam",1,0.5711
516,Ông Mamadou Koura bác bỏ cáo buộc và đổ lỗi cho nhóm lính đánh thuê đứng sau vụ việc. ông Mamadou Koura bác bỏ các cáo buộc và đổ lỗi cho nhóm lính đánh thuê từ Tập đoàn quân sự tư nhân Wagner (Nga) đứng sau vụ việc nhưng không đưa ra bằng chứng.,1,0.8298
524,Nguyên nhân một số đơn vị không yêu cầu ngoại ngữ và tuyển thẳng mọi trường hợp du học Mỹ là do chương trình đào tạo có hỗ trợ dạy tiếng Anh cho những ai có nhu cầu. Một số đơn vị thậm chí lược bỏ yêu cầu ngoại ngữ và tuyển thẳng mọi trường hợp du học Mỹ nguyên nhân trường không đặt nặng trình độ ngoại ngữ của sinh viên là do chương trình đào tạo có hỗ trợ dạy tiếng Anh cho những ai có nhu cầu.,1,0.9135
540,"Hưởng ứng chương trình hết sức quan trọng và có ý nghĩa nhân văn sâu sắc này, tính đến hết tháng 2/2023, 128 đơn vị đã ủng hộ để hỗ trợ xây dựng 10.184 căn nhà, tương đương 521,193 tỷ đồng, số tiền xây dựng được ủng hộ là 521,193 tỷ đồng. Hưởng ứng chương trình hết sức quan trọng và có ý nghĩa nhân văn sâu sắc này tính đến hết tháng 2/2023, 128 đơn vị đã ủng hộ để hỗ trợ xây dựng 10.184 căn nhà, tương đương 521,193 tỷ đồng",2,0.969
552,"Chuyến đi của ông Mã, với tư cách cá nhân, diễn ra vào thời điểm căng thẳng gia tăng giữa hai bờ eo biển Đài Loan đã gây nên sự chú ý của nhiều người. Chuyến đi của ông Mã, với tư cách cá nhân, diễn ra vào thời điểm căng thẳng gia tăng giữa hai bờ eo biển Đài Loan",2,0.9892
555,"Tỉnh Hòa Bình phải chú trọng đầu tư phát triển kết cấu hạ tầng kinh tế - xã hội, đặc biệt thủy lợi, phòng chống thiên tai để đảm bảo an toàn cho người dân. tỉnh Hòa Bình phải chú trọng đầu tư phát triển kết cấu hạ tầng kinh tế - xã hội, đặc biệt là hạ tầng giao thông, thủy lợi, phòng chống thiên tai",2,0.9996
560,"Ông Đặng Hà Việt nhấn mạnh: Việt Nam vinh dự là chặng hành trình rước đuốc đầu tiên của SEA Games 32 lần đầu tiên đăng cai tổ chức, Campuchia đã từng đăng cai tổ chức. Việt Nam luôn đồng hành, ủng hộ với sự nỗ lực cao nhất cho sự thành công của SEA Games 32 lần đầu tiên Campuchia đăng cai tổ chức Việt Nam vinh dự là chặng hành trình rước đuốc đầu tiên của SEA Games 32 sau nước chủ nhà ông Đặng Hà Việt nhấn mạnh.",1,0.9912
563,"Con đường tất yếu của Việt Nam là hướng đến chế biến tinh để nâng cao giá trị sản phẩm, tận dụng tối đa lao động, nâng cao giá trị sản phẩm để nâng cao giá trị sản phẩm, tận dụng lao động có tay nghề cao để làm lợi thế cạnh tranh. Con đường tất yếu của Việt Nam là hướng đến chế biến tinh để nâng cao giá trị sản phẩm, tận dụng lao động có tay nghề tỉ mỉ, khéo léo với chi phí hợp lý để làm lợi thế cạnh tranh",1,0.9589
566,"Tuyến là cán bộ tư pháp của UBND phường Quảng Long, thị xã Ba Đồn, theo cơ quan công an, Tuyến đã bị cơ quan công an bắt giữ. Theo cơ quan công an, Tuyến là cán bộ tư pháp của UBND phường Quảng Long, thị xã Ba Đồn",2,0.9792
572,"Bà Nguyễn Thị Nữ đi khắp nơi để tìm người con trai bệnh tâm thần đã rời khỏi nhà. Đi khắp nơi ở TP.HCM, thậm chí xuống tận Trà Vinh để tìm nhưng bà Nguyễn Thị Nữ (60 tuổi, ngụ Q.Tân Phú) vẫn chưa có tin tức nào của người con trai tâm thần con trai bà - anh Nguyễn Quốc Trọng (38 tuổi, mắc bệnh tâm thần phân liệt) đã rời khỏi nhà rồi biệt tăm luôn từ đó.",1,0.5707
581,"Các vấn đề trong dự thảo Luật cần được giải trình, tổng hợp ý kiến, giải trình thuyết phục, tránh những vấn đề chưa được quy định. Tổng hợp riêng những vấn đề góp ý mà hiện chưa được quy định trong dự thảo Luật; đối với các ý kiến trái với chủ trương, đường lối của Đảng, trái Hiến pháp thì không tiếp thu, nhưng cần giải trình thuyết phục; đối với những ý kiến đúng đắn, cần thiết nhưng chưa có kết luận của Trung ương thì có thể nghiên cứu, báo cáo xin ý kiến cấp có thẩm quyền.",1,0.9485
587,"Người em trai sống trong căn hộ với Mayara Nitão là người đã bị ngạt khói và may mắn đã được cứu sống. Cùng sống trong căn hộ chung cư với Mayara Nitão còn có một người em trai 23 tuổi. Sau cơn hỏa hoạn, em trai của Nitão phải nhập viện điều trị vì ngạt khói. May mắn, tình trạng của người thanh niên này đã dần ổn định trở lại.",1,0.5599
593,"Phương án thi tốt nghiệp THPT 2023 là phương án thi tốt nghiệp THPT được áp dụng bởi phương án thi tốt nghiệp THPT, phương án thi tốt nghiệp THPT được áp dụng cho tất cả các trường đại học. phương án thi tốt nghiệp THPT",2,0.8757
598,CLB Thái Sơn Nam TP.HCM quyết định chơi power-play (không thủ môn) từ phút 38 đến phút 42. CLB Thái Sơn Nam TP.HCM quyết định chơi power-play (không thủ môn) từ phút 38.,2,0.9847
665,"Chủ đầu tư không có nhiều văn bản đốc thúc nhà thầu đảm bảo tiến độ thi công, nếu không đơn vị này sẽ có biên bản xử phạt. Thời gian qua, chủ đầu tư đã có nhiều văn bản đốc thúc nhà thầu đảm bảo tiến độ thi công, nếu không đơn vị này sẽ có biên bản xử phạt.",1,0.9999
668,"Hiện vụ án vẫn đang được điều tra. Hiện vụ án vẫn đang được Cơ quan Cảnh sát điều tra Công an thị xã Ba Đồn tiếp tục điều tra, mở rộng.",1,0.52
685,"SpaceX bắt đầu cung cấp dịch vụ ""Chuyển vùng toàn cầu"" cho những người dùng ở những nơi ngoài vùng triển khai Starlink với gói cước 200 USD mỗi tháng. Tập đoàn SpaceX hôm 20-2 cho biết bắt đầu cung cấp thử nghiệm dịch vụ ""Chuyển vùng toàn cầu"" dành cho người dùng ở những nơi chưa triển khai Starlink Ngoài gói cước 200 USD mỗi tháng, người dùng phải mua thêm thiết bị kết nối Starlink Kit giá 599 USD (14 triệu đồng).",1,0.8361
688,"Trong khi Facebook đang phát triển mạnh mẽ với trí thông minh của con người, tỉ phú Elon Musk và hàng chục nhà lãnh đạo công nghệ thế giới đã kêu gọi ngừng phát triển công nghệ AI của con người. ChatGPT sắp lột xác mạnh mẽ nhờ GPT-4, Google Docs có ""đũa thần"" soạn thảo, Microsoft có gì để đua tranh Trong khi đó, tỉ phú Elon Musk và hàng chục nhà lãnh đạo công nghệ thế giới đã hợp lực kêu gọi các phòng thí nghiệm AI trên thế giới hãy ngừng việc phát triển các hệ thống có thể cạnh tranh với trí thông minh của con người",1,0.9132
706,"UBND TP đã có quyết định giải quyết các khó khăn, vướng mắc vượt thẩm quyền và UBND TP đã kịp thời giải quyết các khó khăn, vướng mắc vượt thẩm quyền và kịp thời giải quyết các khó khăn, vướng mắc vượt thẩm quyền, đồng thời UBND TP kịp thời giải quyết các khó khăn, vướng mắc vượt thẩm quyền và kịp thời giải quyết các khó khăn, vướng mắc vượt thẩm quyền. UBND TP kịp thời giải quyết các khó khăn, vướng mắc vượt thẩm quyền.",1,0.8188
715,"Lễ an táng 16 người đã hy sinh trong vụ hỏa hoạn xảy ra tại nghĩa trang San Carlos de Matanzas, thủ đô La Habana, Mỹ. 16 người đã hy sinh trong vụ hỏa hoạn xảy ra tại kho chứa nhiên liệu lớn nhất cả nước. Lễ an táng được tổ chức cùng ngày theo nghi thức gia đình tại nghĩa trang San Carlos de Matanzas, cách thủ đô La Habana 100 km về phía Đông.",1,0.7873
720,"Theo truyền thống, WB sẽ đề cử, chủ tịch và ban điều hành WB sẽ công bố lãnh đạo mới. Theo truyền thống, Mỹ đề cử chức danh chủ tịch của WB. Vào ngày 29/3, WB đã kết thúc thời hạn đề cử cho chức chủ tịch ngân hàng này và không có ứng viên mới nào khác ngoài ông Banga. Dự kiến trong ngày 30/3, ban điều hành WB sẽ công bố các bước đi tiếp theo trong quá trình lựa chọn và xác nhận lãnh đạo mới vào đầu tháng 5.",1,0.523
727,"Nhằm kích cầu tiêu dùng, khuyến khích người dân mua sắm, lệ phí trước bạ với ô tô sản xuất lắp ráp trong nước giảm 50%, đồng thời cũng để lại nhiều hệ lụy cho người dân. Nhằm kích cầu tiêu dùng, khuyến khích người dân mua sắm lệ phí trước bạ với ô tô sản xuất lắp ráp trong nước giảm 50%.",2,0.9978
753,"Đại sứ quán Việt Nam tại Nhật Bản luôn giúp đỡ, tạo điều kiện cho các doanh nghiệp Việt Nam tại Nhật Bản, các nước và các tổ chức quốc tế tại Việt Nam, giúp đỡ các doanh nghiệp, các nhà khoa học, các nhà khoa học. Đồng thời, Đại sứ quán Việt Nam tại Nhật Bản cần tiếp tục quan tâm, tạo điều hơn nữa đến cộng đồng người Việt, từ các chuyên gia, nhà khoa học đến học sinh, sinh viên, người lao động; luôn đoàn kết, gắn bó, giúp đỡ lẫn nhau, hướng về quê hương, đất nước;",2,0.9905
773,"Ung thư gan có mối liên hệ chặt chẽ với tình trạng nhiễm virus viêm gan B, C; bệnh lý xơ gan. Khai thác tiền sử, ông B bị tăng huyết áp, tim thiếu máu cục bộ do xơ vữa và đái tháo đường. Tuy nhiên, ông B không có các yếu tố nguy cơ của ung thư gan như viêm gan siêu vi B, C hoặc xơ gan Ung thư gan nguyên phát có mối liên hệ chặt chẽ với tình trạng nhiễm virus viêm gan B, C; bệnh lý xơ gan.",1,0.573
784,"Có không ít người dùng các video để khoe khoang về cuộc sống của mình, khắc họa những cuộc sống lý tưởng không có thực, tạo ra những tài khoản giả để người khác quấy rối, miệt thị, tạo bạo lực với người khác. Trên thực tế có không ít người dùng các video để khoe khoang, tô vẽ cuộc sống của mình, khắc họa những bức tranh phi thực tế về một cuộc sống lý tưởng, khiến nhiều người xem cảm thấy bất lực, tự ti khi so sánh bản thân với những gì nhìn thấy trên mạng tạo ra những tài khoản giả để quấy rối, miệt thị, tạo bạo lực mạng, với những người sử dụng khác, qua phần nhận xét về video hoặc tin nhắn trực tiếp.",1,0.9698
788,"Mức phạt tài chính Open AI sẽ chịu mức phạt tài chính 20 triệu euro, bao gồm mức phạt tài chính 20 triệu euro và mức phạt tài chính 20 triệu euro cho mỗi người. chịu mức phạt tài chính 20 triệu euro Open AI",2,0.972
790,"WB không hỗ trợ 40 triệu USD cho các nhà tài trợ thực hiện các đề án. Chuyên gia cao cấp Kinh tế nông nghiệp của Ngân hàng Thế giới (WB) tại Việt Nam cho biết: ""WB hiện đang thực hiện dự án hỗ trợ khoảng 40 triệu USD cho Đề án 1 triệu ha lúa giảm phát thải, cùng với đó là Dự án trị giá 60 triệu USD để phát triển thị trường tín chỉ carbon sau năm 2027 chương trình hỗ trợ 20 triệu USD không hoàn lại để hỗ trợ Đề án. WB mong muốn phối hợp cùng Bộ NN&PTNT và các nhà tài trợ thực hiện các dự án ở Đồng bằng sông Cửu Long",1,0.9833
826,"Tuổi Trẻ Online đã có nhận định về thực trạng đốt rác, phế liệu gây nguy cơ đe dọa rừng, đồng thời, đây cũng là thực trạng đã được Tuổi Trẻ Online ghi nhận về thực trạng đốt rác, phế liệu gây nguy cơ đe dọa rừng, đồng thời, đây cũng là thực trạng đã được Tuổi Trẻ Online ghi nhận từ thực trạng này, đồng thời, đây cũng là thực trạng đã được Tuổi Trẻ Online ghi nhận từ trước đến nay. Tuổi Trẻ Online đã có ghi nhận về thực trạng đốt rác, phế liệu gây nguy cơ đe dọa rừng.",2,0.7825
830,"Sản phẩm gây nhiều tranh cãi trên mạng xã hội, gây nhiều tranh cãi trên mạng xã hội, gây nhiều tranh cãi trên mạng xã hội khiến nhiều người phải suy ngẫm. Sản phẩm gây nhiều tranh cãi trên mạng xã hội.",2,0.9979
831,"Park Hoon đã rủ thêm Hyun Bin và Park Hoon, Park Hoon và Hyun Bin đến ăn tối và rất thích nên hôm sau Park Hoon đã cùng Hyun Bin đến ăn. Park Hoon đã đến ăn và rất thích nên hôm sau đã rủ thêm Hyun Bin đi cùng.",2,0.5042
845,"Lực lượng công an đã chặn chặn, vây bắt được Thành. Lực lượng công an sau đó đã đón chặn, vây bắt được Thành.",1,0.5011
854,"Ủy ban Tài chính - Ngân sách được Chủ tịch Quốc hội yêu cầu lưu ý khẩn trương nghiên cứu kỹ vấn đề tài chính đất đai, giá đất và đề xuất phương án cụ thể, tránh trường hợp đất đai, giá đất và giá thành. Chủ tịch Quốc hội cũng yêu cầu Ủy ban Tài chính - Ngân sách lưu ý khẩn trương nghiên cứu kỹ vấn đề tài chính đất đai, giá đất và đề xuất phương án cụ thể",2,0.9906
858,"Trước đó, Châu Á đã có hai lần đăng cai World Cup và có hai lần đăng cai World Cup trước đó. Trước đó, Châu Á đã có hai lần đăng cai World Cup",2,0.4635
878,"Ở đây Trung tâm dưỡng lão Thị Nghè, phải xét đủ tiêu chuẩn mới được vào. Trung tâm dưỡng lão Thị Nghè là nơi không phải ai cũng vào được. Phải xét đủ tiêu chuẩn mới được ở",1,0.9056
886,"Các nhà nghiên cứu cảnh báo trường hợp này ""đặt ra những vấn đề nghiêm trọng"" vì nó chứng minh rằng cả người khỏe mạnh và suy giảm miễn dịch đều có thể bị lây nhiễm HIV/AIDS. Nhưng các nhà nghiên cứu cảnh báo trường hợp này ""đặt ra những vấn đề nghiêm trọng"" vì nó chứng minh rằng cả người khỏe mạnh và suy giảm miễn dịch đều có thể bị lây nhiễm",2,0.992
908,"Bài hát Like Crazy đã dẫn đầu bảng xếp hạng iTunes ở 110 quốc gia, trong đó có Việt Nam, đây cũng là ca khúc có tốc độ leo lên vị trí dẫn đầu iTunes ở 110 quốc gia nhanh. bài hát Like Crazy đã dẫn đầu bảng xếp hạng iTunes ở 117 quốc gia, Like Crazy cũng là ca khúc có tốc độ leo lên vị trí dẫn đầu iTunes ở 110 quốc gia nhanh",2,0.9772
927,"Ngay sau thông tin, chỉ số trung bình công nghiệp Dow Jones nhích nhẹ 39,78 điểm, động thái của Fed đã khiến cho Fed bất ngờ. Ngay sau thông tin, chỉ số trung bình công nghiệp Dow Jones nhích nhẹ 39,78 điểm, động thái của Fed",2,0.9888
929,"Theo tổ chức Electronic Frontier, trạm giả không để lại dấu vết. Theo tổ chức Electronic Frontier, trạm giả thực tế vẫn để lại dấu vết có thể phát hiện, ví dụ công suất phát cao bất thường, tín hiệu không đầy đủ thông số như trạm gốc, hoặc xuất hiện thời gian ngắn tại vị trí nào đó",1,0.9883
930,"Mới ra trường, ưu tiên lớn nhất nên là tiền, bạn cần là cơ hội phát triển, bộc lộ và chứng thực tài năng của bạn. Điều bạn cần là cơ hội phát triển bộc lộ, chứng thực tài năng của bạn Do đó, ưu tiên lớn nhất của bạn không nên là tiền. Mới ra trường,",1,0.9991
940,"Phó Thủ tướng Trần Hồng Hà đã làm việc với Bộ GTVT, lãnh đạo các tỉnh vùng ĐBSCL (ĐBSCL) về nhu cầu và khả năng đáp ứng nguồn vật liệu đắp nền đường, trong đó có những mỏ được cấp phép lại hoặc cấp phép mới chỉ cung cấp cát đắp nền cho các dự án cao tốc và dừng khai thác sau khi hoàn thành. Chiều 14/3, Phó Thủ tướng Trần Hồng Hà đã làm việc với Bộ GTVT, lãnh đạo các tỉnh vùng đồng bằng sông Cửu Long (ĐBSCL) về nhu cầu và khả năng đáp ứng nguồn vật liệu đắp nền đường Những mỏ được cấp phép lại hoặc cấp phép mới chỉ cung cấp cát đắp nền cho các dự án cao tốc và dừng khai thác sau khi hoàn thành",1,0.8912
962,"Chống Lừa Đảo luôn kêu gọi sự tham gia, chung tay góp sức của cộng đồng để lan tỏa dự án, giúp bảo vệ được nhiều người hơn, đẩy lùi vấn nạn lừa đảo trực tuyến, đồng thời cũng kêu gọi nhiều sự tham gia của cộng đồng để chống lại được nhiều người hơn, đẩy lùi vấn nạn lừa đảo trực tuyến. Chống Lừa Đảo luôn kêu gọi sự tham gia, chung tay góp sức của cộng đồng để lan tỏa dự án, giúp bảo vệ được nhiều người hơn, đẩy lùi vấn nạn lừa đảo trực tuyến.",1,0.8502
978,"Theo ông Nguyễn Quang Dũng, trong điện ảnh, đôi khi diễn viên phải hóa thân để phù hợp với nhân vật của mình, đó là điều thú vị của nghề chứ không phải cứ đóng những nhân vật giống họ ngoài đời. Ông cho rằng trong điện ảnh, đôi khi diễn viên vào nhân vật giống họ ngoài đời, song cũng có trường hợp phải hóa thân để phù hợp. Đó là điều thú vị của nghề và cả khán giả. Chứ diễn viên cứ phải đóng những nhân vật giống họ ngoài đời mãi thì cũng chưa chắc tốt.",1,0.9151
1006,"Noru là cơn bão số 11 và là cơn bão mạnh nhất đổ bộ Philippines từ đầu năm tới nay, với sức gió duy trì ở mức 195 km/h và lên tới 240 km/h vào cuối ngày 25/9, khiến cho cơn bão mạnh hơn bao giờ hết. Noru là cơn bão số 11 và là cơn bão mạnh nhất đổ bộ Philippines từ đầu năm tới nay, với sức gió duy trì ở mức 195 km/h và lên tới 240 km/h vào cuối ngày 25/9.",2,0.9846
1016,"Tái định cư thủy điện thành công trong việc phục hồi sinh kế, đảm bảo sinh kế bền vững cho cộng đồng bị ảnh hưởng. ở Việt Nam cũng như trên thế giới có rất ít các dự án tái định cư, đặc biệt là tái định cư thủy điện thành công trong việc phục hồi sinh kế, đảm bảo sinh kế bền vững cho cộng đồng bị ảnh hưởng.",1,0.8753
1018,"Theo bác sĩ, trẻ nhỏ hay nuốt dị vật vào các hốc tự nhiên của cơ thể trong các độ tuổi khám phá thế giới xung quanh, nhiều trường hợp xảy ra tai nạn không đáng có. Bác sĩ Nguyễn Minh Trung, Bệnh viện Nhi đồng 1, cho biết ở độ tuổi khám phá thế giới xung quanh, trẻ nhỏ có thể nuốt hay sặc vào đường thở hoặc nhét bất cứ dị vật nào vào các hốc tự nhiên của cơ thể. Không ít lần những biến chứng nguy hiểm và chuyện đáng tiếc nhất đã xảy ra từ những sự cố đó.",2,0.6217
1044,"Bốn môn thi của học sinh hệ giáo dục phổ thông bốn môn gồm ngữ văn, toán, ngoại ngữ, lịch sử và hệ giáo dục thường xuyên thi ba môn ngữ văn, toán, lịch sử. Học sinh hệ giáo dục phổ thông bốn môn gồm ngữ văn, toán, ngoại ngữ, lịch sử Với học sinh hệ giáo dục thường xuyên thi ba môn gồm nữ văn, toán, lịch sử",1,0.9837
1052,"Truyền thông và quảng bá du lịch Việt Nam, Bình Thuận, Năm Du lịch quốc gia 2023 trên các kênh truyền thông quốc tế, các nền tảng mạng xã hội quốc tế, quốc tế,  Truyền thông, quảng bá du lịch Việt Nam, du lịch Bình Thuận và Năm Du lịch quốc gia 2023 trên các kênh truyền thông quốc tế và nền tảng mạng xã hội quốc tế",2,0.9711
1053,"FDA khuyến nghị những người chưa tiêm phòng tiêm một mũi vaccine lưỡng trị thay vì mũi vaccine mRNA đơn trị như trước đây như trước đây. FDA cũng khuyến nghị hầu hết những người chưa tiêm phòng có thể tiêm một mũi vaccine lưỡng trị, thay vì tiêm nhiều mũi vaccine mRNA đơn trị như trước đây",1,0.8614
1061,"Kyrgyzstan được đánh giá là đối thủ ngang tầm với thầy trò HLV Troussier, khi có trận thua với U23 Việt Nam ở Doha Cup 2023. Qua 3 lượt trận tại Doha Cup 2023, U23 Kyrgyzstan được đánh giá là đối thủ ngang tầm với thầy trò HLV Troussier. U23 Việt Nam có trận đấu ngang ngửa với U23 Kyrgyzstan",1,0.7333
1064,"Hà Tĩnh đã đưa vào quy hoạch KCN VSIP trên địa bàn và mong Tập đoàn VSIP sớm triển khai thực hiện dự án này, hiện nay đã có nhiều thông tin được đưa ra. Hiện nay, Hà Tĩnh đã đưa vào quy hoạch KCN VSIP trên địa bàn và mong Tập đoàn VSIP sớm triển khai",2,0.9883
1095,Sự thiếu vắng của bộ đôi Frenkie de Jong và Steven Bergwijn sẽ để lại những khoảng trống không nhỏ vì thế sự thiếu vắng của họ chắc chắn sẽ để lại những khoảng trống không nhỏ. không có sự phục vụ của bộ đôi Frenkie de Jong và Steven Bergwijn Vì thế sự thiếu vắng của họ chắc chắn sẽ để lại những khoảng trống không nhỏ,1,0.9926
1110,"Ngân hàng Nhà nước đang lấy ý kiến về dự thảo Thông tư sửa đổi quy định về việc tổ chức tín dụng mua, bán trái phiếu doanh nghiệp, nhằm hạn chế rủi ro của việc hoạt động mua bán trái phiếu doanh nghiệp của các tổ chức tín dụng. Trước việc hoạt động mua bán trái phiếu doanh nghiệp của các tổ chức tín dụng đang cho thấy phát sinh tiềm ẩn rủi ro, Ngân hàng Nhà nước đang lấy ý kiến về dự thảo Thông tư sửa đổi quy định về việc tổ chức tín dụng mua, bán trái phiếu doanh nghiệp",1,0.8931
1126,"Sở Du lịch, Trung tâm An ninh hàng không, Công an Q.Hải Châu lập tổ công tác chuyên đề xử lý ""xe dù"" vi phạm hoạt động tại sân bay Đà Nẵng, nhằm xử lý tại sân bay tại sân bay Đà Nẵng, nhằm xử lý tại sân bay Đà Nẵng, nhằm tránh xảy ra tai nạn tại sân bay Đà Nẵng. Sở Du lịch, Trung tâm An ninh hàng không, Công an Q.Hải Châu... lập tổ công tác chuyên đề xử lý ""xe dù"" vi phạm hoạt động tại sân bay Đà Nẵng.",2,0.9959
1144,"Phiên tòa giả định xét xử vụ án giả định Dâm ô đối với người dưới 16 tuổi được tổ chức tại khu nhà trọ KP2, phường Tam Phú, TP Thủ Đức, nhằm xử lý các đối tượng xấu. được tổ chức tại khu nhà trọ KP2, phường Tam Phú, TP Thủ Đức. Phiên tòa giả định xét xử vụ án giả định Dâm ô đối với người dưới 16 tuổi.",2,0.9882
1160,"Ban tổ chức giải Siêu tốc Bá Vương kỳ vọng đem tới những trải nghiệm thú vị và bổ ích cho học sinh Hà Nội giúp rèn luyện bản lĩnh, sự tự tin cho các con tham gia các giải cấp cao hơn, làm bệ phóng cho các con tham gia các giải cấp cao hơn, làm bệ phóng cho các con tham gia các giải cấp cao hơn, làm bệ phóng cho các con tham gia các giải cấp cao hơn, làm bệ phóng cho các con tham gia các giải cấp cao hơn, làm bệ phóng cho các con tham gia các giải cấp cao hơn, làm bệ phóng cho các con tham gia các giải cấp cao hơn, làm bệ phóng cho các con tham gia các giải cấp cao hơn, làm bệ phóng cho các con tham gia các giải cấp cao hơn, làm bệ phóng cho các con tham gia các giải cấp cao hơn, làm bệ phóng cho các con tham gia các giải cấp cao hơn. Ban tổ chức giải Siêu tốc Bá Vương kỳ vọng đem tới những trải nghiệm cho học sinh Hà Nội, biến giải đấu thành là sân chơi thường niên giúp rèn luyện bản lĩnh, sự tự tin, làm bệ phóng cho các con tham gia các giải cấp cao hơn như thành phố và quốc gia...",2,0.9654
1162,"Các trạm sạc, trạm đổi pin cần được ưu tiên phát triển, nâng cấp để giảm thiểu rủi ro, nâng cao hiệu quả, an toàn điện trong quá trình sử dụng. Ngoài ra, trong quá trình hoàn thiện hệ thống tiêu chuẩn Việt Nam về xe điện cần ưu tiên phát triển các tiêu chuẩn Việt Nam về hệ thống trạm sạc, sạc nhanh, trạm đổi pin... để có thể sớm đưa ra các yêu cầu kỹ thuật và an toàn của thiết bị và trạm sạc vào quản lý, giảm thiểu rủi ro, nâng cao hiệu quả, an toàn điện trong quá trình sử dụng",1,0.5762
1163,"Việc hoạch định tài chính rõ ràng giúp người trẻ xoay xở trong mọi biến động hiện nay nhiều người chưa có kế hoạch tài chính tốt. Việc hoạch định tương lai tài chính rõ ràng giúp người trẻ xây dựng quỹ dự phòng, xoay xở được trong mọi biến động hiện nay nhiều người vẫn còn sử dụng tiền theo thói quen ít người chưa có kế hoạch tài chính tốt",1,0.6745
1183,"Về việc Mỹ cung cấp Patriot cho Ukraine, người phát ngôn Điện Kremlin Dmitry Peskov cảnh báo việc các nước phương Tây tiếp tục cung cấp vũ khí cho Ukraine sẽ chỉ càng làm trầm trọng thêm cuộc xung đột hiện nay mà không làm trầm trọng thêm cuộc xung đột hiện nay. về việc Mỹ cung cấp Patriot cho Ukraine, người phát ngôn Điện Kremlin Dmitry Peskov cảnh báo việc các nước phương Tây tiếp tục cung cấp vũ khí cho Ukraine sẽ chỉ càng làm trầm trọng thêm cuộc xung đột hiện nay",1,0.9996
1187,"Khi các ngân hàng trung ương thắt chặt tín dụng cho vay, thì rủi ro căng thẳng này sẽ lan rộng ra ngoài. Cơ quan này khuyến cáo, khi các ngân hàng trung ương tiếp tục kiềm chế lạm phát, điều kiện tài chính thắt chặt càng lâu, thì rủi ro ""căng thẳng lan rộng ra ngoài lĩnh vực ngân hàng, gây thiệt cho kinh tế và tài chính càng lớn hơn"".",1,0.6773
1206,Bộ GD&ĐT vừa ra quyết định về việc điều chỉnh liên kết tổ chức thi cấp chứng chỉ tiếng Anh IELTS cho các trường đại học. Bộ GD&ĐT vừa ra quyết định về việc điều chỉnh liên kết tổ chức thi cấp chứng chỉ tiếng Anh IELTS,2,0.9835
1214,"Việc cô thành lập và chủ nhiệm Ngôi nhà trí tuệ Penang - Malaysia đã giúp kết nối kiến thức và trí tuệ giữa Việt Nam và quốc tế đã giúp kết nối kiến thức và trí tuệ giữa Viêt Nam và quốc tế đã giúp kết nối kiến thức và trí tuệ giữa Viêt Nam và quốc tế đã giúp kết nối kiến thức và trí tuệ giữa Viêt Nam và quốc tế, giúp kết nối kiến thức và trí tuệ giữa Viêt Nam và quốc tế, giúp kết nối kiến thức và trí tuệ giữa Viêt Nam và quốc tế, tạo điều kiện cho cô phát triển sự nghiệp tương lai của mình. cô thành lập và chủ nhiệm Ngôi nhà trí tuệ Penang - Malaysia. Việc thành lập Ngôi nhà trí tuệ Penang đã giúp kết nối kiến thức và trí tuệ giữa Viêt Nam và quốc tế.",2,0.9925
1247,"Với sự tiến bộ của công nghệ và khả năng sàng lọc của gen Alpha, cha mẹ sẽ rất lo lắng khi các con tiếp cận công nghệ thông tin từ rất sớm. Với công nghệ hiện có, các bạn có thể tự học, tự tìm hiểu thông tin nên rất tiến bộ và cởi mở, cha mẹ cũng rất lo lắng cho những đứa con thuộc Gen Alpha. Chính vì mức độ tiếp cận công nghệ thông tin từ khi còn quá nhỏ nên các con chưa có khả năng sàng lọc, rủi ro sẽ là dễ bị tiếp cận và ảnh hưởng bởi những thông tin trái chiều quá sớm"".",1,0.9317
1254,"Tài xế này không bị xử phạt về hành vi ""vận chuyển chất thải rắn công nghiệp thông thường không đến điểm tập kết, trạm trung chuyển và cơ sở xử lý theo quy định. tài xế này bị xử phạt về hành vi ""vận chuyển chất thải rắn công nghiệp thông thường không đến điểm tập kết, trạm trung chuyển và cơ sở xử lý theo quy định",1,0.9999
1274,"Ngày 23-3, ngọn đuốc SEA Games 32 đã được thắp lên bởi một ngọn đuốc SEA Games 32 đã được thắp lên bởi một người đàn ông tên là Sea Games 32 đã được tìm thấy trong một lần đầu tiên được tìm thấy trong một lần được tìm thấy. ngọn đuốc SEA Games 32",1,0.8739
1279,"Nguyễn Trung Hiếu, Nguyễn Trung Hiếu hiện là Phó Giám đốc Trung tâm Đăng kiểm xe cơ giới 89-05D (nguyên là đăng kiểm viên bậc cao Trung tâm Đăng kiểm xe cơ giới 89-05D), là Phó Giám đốc Trung tâm Đăng kiểm xe cơ giới 89-05D (nguyên là đăng kiểm viên bậc cao Trung tâm Đăng kiểm xe cơ giới 89-02S); đồng thời cũng là Phó Giám đốc Trung tâm này. Nguyễn Trung Hiếu là Phó Giám đốc Trung tâm Đăng kiểm xe cơ giới 89-05D (nguyên là đăng kiểm viên bậc cao Trung tâm Đăng kiểm xe cơ giới 89-02S);",1,0.6467
1280,Ở vòng loại lần này Đội trưởng Huỳnh Như tiền đạo Phạm Hải Yến là người để lại ấn tượng đậm nét nhất trong lần đầu tiên ghi dấu ấn đậm nét nhất trong lần đầu tiên được xuất hiện trong sự kiện này. Ở vòng loại lần này Đội trưởng Huỳnh Như tiền đạo Phạm Hải Yến để lại dấu ấn đậm nét nhất,2,0.6741
1284,"Bài thi vào chung kết sẽ dựa trên 60 % bình chọn của độc giả và 60% điểm của Ban giám khảo. Ban tổ chức và Ban giám khảo sẽ chấm điểm, chọn bài thi vào vòng chung kết dựa trên 40% bình chọn của độc giả và 60% điểm Ban giám khảo.",1,0.9482
1298,"Sự chung tay của các cấp, ngành và doanh nghiệp, cá nhân giành cho Giáo dục Việt Nam và đây cũng là sự chung tay của các cấp, ngành và doanh nghiệp, cá nhân giành cho Giáo dục Việt Nam và cũng là sự chung tay của các bạn trẻ trong công cuộc xây dựng và phát triển nền giáo dục Việt Nam. sự chung tay của các cấp, ngành và doanh nghiệp, cá nhân giành cho Giáo dục Việt Nam",2,0.9986
1309,"Khu vực rừng sản xuất của Công ty TNHH MTV Cây trồng TP.HCM ở xã Phạm Văn Hai Chiều đã được một số người dân ở xã Phạm Văn Hai Chiều cho biết, đường vào khu vực rừng sản xuất của Công ty TNHH MTV Cây trồng TP.HCM ở xã Phạm Văn Hai Chiều đã được một số người dân địa phương cho biết đường vào khu vực rừng sản xuất của Công ty TNHH MTV Cây trồng TP.HCM ở xã Phạm Văn Hai Chiều. Đường vào khu vực rừng sản xuất của Công ty TNHH MTV Cây trồng TP.HCM ở xã Phạm Văn Hai Chiều",2,0.9716
1316,"Chị em tuổi 40 - 45 khi quan hệ hay bị đau rát, khí hư nhiều do toàn bộ cơ quan sinh dục bị thiểu dưỡng, các đường ống sinh dục bị trầy, xước, gây đau đớn cho người đối diện. chị em tuổi 40 - 45 khi quan hệ hay bị đau rát, khí hư nhiều do toàn bộ cơ quan sinh dục bị thiểu dưỡng, các đường ống sinh dục bị trầy, xước",2,0.9991
1366,"Người làm công tác điện ảnh Việt Nam đã hết lòng phụng sự lý tưởng của Đảng và lợi ích của dân tộc, đồng thời cũng hết lòng phụng sự lý tưởng của Đảng và lợi ích của dân tộc, đồng thời cũng rất biết ơn với lý tưởng của Đảng và lợi ích của dân tộc. người làm công tác điện ảnh Việt Nam đã hết lòng phụng sự lý tưởng của Đảng và lợi ích của dân tộc",2,0.9863
1379,"Phát biểu tại buổi LễTrao Quyết định và chúc mừng năm mới 2023 tại buổi lễ có sự tham gia của Bộ trưởng, Chủ nhiệm Hầu A Lềnh. Bộ trưởng, Chủ nhiệm Hầu A Lềnh phát biểu tại buổi LễTrao Quyết định và chúc mừng",2,0.9313
1388,"Các gene mới giúp tạo ra ruồi giả trên cánh hoa. Loài cúc này không phát triển một gene mới để tạo ra ruồi giả. Thay vào đó, chúng thực hiện một việc thậm chí còn thông minh hơn, đó là tập hợp các gene sẵn có, đang làm những công việc khác ở các bộ phận khác nhau của cây, để tạo ra một cấu trúc phức tạp trên cánh hoa giúp đánh lừa ruồi đực"",",1,0.6547
1398,Chính quyền TP Đà Nẵng đã chỉnh trang đô thị và xây dựng nhiều cây cầu nối hai bờ sông được khai thác dịch vụ tàu du lịch ngắm thành phố về đêm đã được khai thác dịch vụ tàu du lịch ngắm thành phố về đêm đã được khai thác dịch vụ tàu du lịch ngắm thành phố về đêm đã được khai thác triệt để. chính quyền TP Đà Nẵng đã chỉnh trang đô thị và xây dựng nhiều cây cầu nối hai bờ sông được khai thác dịch vụ tàu du lịch ngắm thành phố về đêm,2,0.7015
1402,"Tại làng Authoison nhỏ bé miền Đông Bắc nước Pháp, đã nhiều năm, như để lưu dấu lịch sử, người ta đã dựng lên tượng đài tưởng niệm các chiến sĩ ""bị xử bắn để làm gương"" trong chiến tranh 1914-1918. Đã nhiều năm, như để lưu dấu lịch sử, tại làng Authoison nhỏ bé miên Đông Băc nươc Pháp người ta đã dựng lên tượng đài tưởng niêm các chiến sĩ ""bị xử bắn để làm gương"" trong chiến tranh 1914-1918,",1,0.9414
1405,"Trong khi địa phương khuyến khích người dân làm các vườn trầu tạo hình ngay hàng thẳng lối, đẹp mắt; đồng thời, các vườn trầu này còn được các vườn trầu khác tạo hình các vườn trầu khác. Trong đó, địa phương khuyến khích người dân làm các vườn trầu tạo hình ngay hàng thẳng lối, đẹp mắt;",2,0.4753
1411,"ĐT U20 Australia đã triệu tập hầu như tất cả những cầu thủ xuất sắc nhất trong độ tuổi từ 12 đến 19. ĐT U20 Australia đã triệu tập hầu như tất cả những cầu thủ xuất sắc nhất trong độ tuổi, bao gồm các cầu thủ đang thi đấu ở giải vô địch quốc gia và 4 cầu thủ đang chơi bóng ở châu Âu.",2,0.9683
1418,"Ông Huệ yêu cầu các cơ quan lắng nghe và không cần có trách nhiệm nghiên cứu, xem xét các quy định về sở hữu. ông Huệ nêu và nhấn mạnh cần xem vướng mắc trong cải tạo xây dựng lại nhà chung cư có phải do quy định về sở hữu hay không Ông Huệ yêu cầu các cơ quan lắng nghe, có trách nhiệm nghiên cứu, xem xét.",1,0.9991
1430,Việt Nam-Chile được thiết lập quan hệ ngoại giao từ 25/3/1971 25/3/2023). thiết lập quan hệ ngoại giao Việt Nam-Chile (25/3/1971  25/3/2023).,1,0.8896
1443,"Cần tăng cường tuyên truyền, giáo dục kiến thức về kiến thức an toàn thực phẩm, phòng chống ngộ độc từ các độc tố có trong các loại cây, hoa, quả lạ hoang dại, nhà trường cần thường xuyên giám sát, phát hiện sớm các vấn đề bất thường về sức khỏe học sinh do nghi ngờ ăn phải các loại cây, hoa, quả lạ hoang dại, nhà trường cần thường xuyên giám sát, phát hiện sớm các vấn đề bất thường về sức khỏe học sinh do nghi ngờ ăn phải các loại cây, hoa, quả lạ hoang dại, nhà trường cần thường xuyên giám sát, phát hiện sớm các vấn đề bất thường về sức khỏe học sinh do nghi ngờ ăn phải các loại cây, hoa có chứa các hợp chất gây độc. ban ngành chức năng và nhà trường tăng cường tuyên truyền, giáo dục kiến thức về an toàn thực phẩm, phòng chống ngộ độc từ các độc tố tự nhiên khuyến cáo không ăn các loại cây, hoa, quả lạ hoang dại Nhà trường cần thường xuyên giám sát, phát hiện sớm những vấn đề bất thường về sức khỏe học sinh nghi ngờ do ăn phải các loài cây, hoa có chứa các hợp chất gây độc",1,0.7308
1444,"Hoài Thu (Nguyễn Thị Thu) là nữ sinh viên được quan tâm nhiều trên mạng xã hội nhờ ngoại hình nổi bật, được ngoại hình nổi bật và đặc biệt là được yêu thích nhờ ngoại hình nổi bật. Hoài Thu (Nguyễn Thị Thu) là nữ sinh viên được quan tâm nhiều trên mạng xã hội nhờ ngoại hình nổi bật",2,0.994
